Total,Refining,Other chemicals,Industrial heat,Ammonia,Methanol,Other
1729162.167,871127.3348,98420.80269,69482.82885,358116.2904,150992.6418,181022.2686